date,Cough_unscaled,Cough_monthly,isPartial,scale,Cough
2020-01-01,85,,,,
2020-01-02,100,,,,
2020-01-03,93,,,,
2020-01-04,99,,,,
2020-01-05,88,57.0,False,0.57,50.16
2020-01-06,75,57.0,,0.57,42.74999999999999
2020-01-07,78,57.0,,0.57,44.459999999999994
2020-01-08,82,57.0,,0.57,46.739999999999995
2020-01-09,77,57.0,,0.57,43.88999999999999
2020-01-10,77,57.0,,0.57,43.88999999999999
2020-01-11,75,57.0,,0.57,42.74999999999999
2020-01-12,73,52.0,False,0.52,37.96
2020-01-13,68,52.0,,0.52,35.36
2020-01-14,74,52.0,,0.52,38.480000000000004
2020-01-15,69,52.0,,0.52,35.88
2020-01-16,77,52.0,,0.52,40.04
2020-01-17,79,52.0,,0.52,41.08
2020-01-18,73,52.0,,0.52,37.96
2020-01-19,72,51.0,False,0.51,36.72
2020-01-20,72,51.0,,0.51,36.72
2020-01-21,72,51.0,,0.51,36.72
2020-01-22,76,51.0,,0.51,38.76
2020-01-23,81,51.0,,0.51,41.31
2020-01-24,74,51.0,,0.51,37.74
2020-01-25,82,51.0,,0.51,41.82
2020-01-26,75,55.0,False,0.55,41.25
2020-01-27,71,55.0,,0.55,39.050000000000004
2020-01-28,82,55.0,,0.55,45.1
2020-01-29,76,55.0,,0.55,41.800000000000004
2020-01-30,72,55.0,,0.55,39.6
2020-01-31,69,55.0,,0.55,37.95
2020-02-01,95,55.0,,0.55,52.25000000000001
2020-02-02,92,53.0,False,0.53,48.760000000000005
2020-02-03,75,53.0,,0.53,39.75
2020-02-04,97,53.0,,0.53,51.410000000000004
2020-02-05,89,53.0,,0.53,47.17
2020-02-06,95,53.0,,0.53,50.35
2020-02-07,92,53.0,,0.53,48.760000000000005
2020-02-08,90,53.0,,0.53,47.7
2020-02-09,96,52.0,False,0.52,49.92
2020-02-10,89,52.0,,0.52,46.28
2020-02-11,95,52.0,,0.52,49.4
2020-02-12,94,52.0,,0.52,48.88
2020-02-13,94,52.0,,0.52,48.88
2020-02-14,78,52.0,,0.52,40.56
2020-02-15,92,52.0,,0.52,47.84
2020-02-16,100,53.0,False,0.53,53.0
2020-02-17,93,53.0,,0.53,49.29
2020-02-18,96,53.0,,0.53,50.88
2020-02-19,89,53.0,,0.53,47.17
2020-02-20,81,53.0,,0.53,42.93
2020-02-21,83,53.0,,0.53,43.99
2020-02-22,94,53.0,,0.53,49.82
2020-02-23,92,53.0,False,0.53,48.760000000000005
2020-02-24,80,53.0,,0.53,42.400000000000006
2020-02-25,84,53.0,,0.53,44.52
2020-02-26,95,53.0,,0.53,50.35
2020-02-27,90,53.0,,0.53,47.7
2020-02-28,89,53.0,,0.53,47.17
2020-02-29,96,53.0,,0.53,50.88
2020-03-01,52,60.0,False,0.6,31.2
2020-03-02,54,60.0,,0.6,32.4
2020-03-03,51,60.0,,0.6,30.599999999999998
2020-03-04,52,60.0,,0.6,31.2
2020-03-05,55,60.0,,0.6,33.0
2020-03-06,52,60.0,,0.6,31.2
2020-03-07,52,60.0,,0.6,31.2
2020-03-08,56,81.0,False,0.81,45.36
2020-03-09,57,81.0,,0.81,46.17
2020-03-10,58,81.0,,0.81,46.980000000000004
2020-03-11,63,81.0,,0.81,51.03
2020-03-12,81,81.0,,0.81,65.61
2020-03-13,79,81.0,,0.81,63.99
2020-03-14,100,81.0,,0.81,81.0
2020-03-15,86,100.0,False,1.0,86.0
2020-03-16,88,100.0,,1.0,88.0
2020-03-17,86,100.0,,1.0,86.0
2020-03-18,87,100.0,,1.0,87.0
2020-03-19,88,100.0,,1.0,88.0
2020-03-20,91,100.0,,1.0,91.0
2020-03-21,83,100.0,,1.0,83.0
2020-03-22,80,84.0,False,0.84,67.2
2020-03-23,78,84.0,,0.84,65.52
2020-03-24,71,84.0,,0.84,59.64
2020-03-25,74,84.0,,0.84,62.16
2020-03-26,71,84.0,,0.84,59.64
2020-03-27,69,84.0,,0.84,57.96
2020-03-28,68,84.0,,0.84,57.12
2020-03-29,64,66.0,False,0.66,42.24
2020-03-30,62,66.0,,0.66,40.92
2020-03-31,60,66.0,,0.66,39.6
2020-04-01,100,66.0,,0.66,66.0
2020-04-02,93,66.0,,0.66,61.38
2020-04-03,80,66.0,,0.66,52.800000000000004
2020-04-04,97,66.0,,0.66,64.02
2020-04-05,81,52.0,False,0.52,42.120000000000005
2020-04-06,85,52.0,,0.52,44.2
2020-04-07,85,52.0,,0.52,44.2
2020-04-08,74,52.0,,0.52,38.480000000000004
2020-04-09,73,52.0,,0.52,37.96
2020-04-10,68,52.0,,0.52,35.36
2020-04-11,79,52.0,,0.52,41.08
2020-04-12,57,36.0,False,0.36,20.52
2020-04-13,56,36.0,,0.36,20.16
2020-04-14,58,36.0,,0.36,20.88
2020-04-15,54,36.0,,0.36,19.439999999999998
2020-04-16,55,36.0,,0.36,19.8
2020-04-17,49,36.0,,0.36,17.64
2020-04-18,52,36.0,,0.36,18.72
2020-04-19,51,31.0,False,0.31,15.81
2020-04-20,45,31.0,,0.31,13.95
2020-04-21,49,31.0,,0.31,15.19
2020-04-22,49,31.0,,0.31,15.19
2020-04-23,43,31.0,,0.31,13.33
2020-04-24,44,31.0,,0.31,13.64
2020-04-25,49,31.0,,0.31,15.19
2020-04-26,41,30.0,False,0.3,12.299999999999999
2020-04-27,43,30.0,,0.3,12.9
2020-04-28,44,30.0,,0.3,13.2
2020-04-29,47,30.0,,0.3,14.1
2020-04-30,45,30.0,,0.3,13.5
2020-05-01,100,30.0,,0.3,30.0
2020-05-02,91,30.0,,0.3,27.3
2020-05-03,90,26.0,False,0.26,23.400000000000002
2020-05-04,92,26.0,,0.26,23.92
2020-05-05,96,26.0,,0.26,24.96
2020-05-06,83,26.0,,0.26,21.580000000000002
2020-05-07,90,26.0,,0.26,23.400000000000002
2020-05-08,80,26.0,,0.26,20.8
2020-05-09,83,26.0,,0.26,21.580000000000002
2020-05-10,92,25.0,False,0.25,23.0
2020-05-11,87,25.0,,0.25,21.75
2020-05-12,88,25.0,,0.25,22.0
2020-05-13,76,25.0,,0.25,19.0
2020-05-14,82,25.0,,0.25,20.5
2020-05-15,74,25.0,,0.25,18.5
2020-05-16,79,25.0,,0.25,19.75
2020-05-17,70,23.0,False,0.23,16.1
2020-05-18,72,23.0,,0.23,16.560000000000002
2020-05-19,87,23.0,,0.23,20.01
2020-05-20,83,23.0,,0.23,19.09
2020-05-21,79,23.0,,0.23,18.17
2020-05-22,70,23.0,,0.23,16.1
2020-05-23,76,23.0,,0.23,17.48
2020-05-24,77,21.0,False,0.21,16.169999999999998
2020-05-25,71,21.0,,0.21,14.91
2020-05-26,71,21.0,,0.21,14.91
2020-05-27,70,21.0,,0.21,14.7
2020-05-28,62,21.0,,0.21,13.02
2020-05-29,76,21.0,,0.21,15.959999999999999
2020-05-30,78,21.0,,0.21,16.38
2020-05-31,74,18.0,False,0.18,13.32
2020-06-01,76,18.0,,0.18,13.68
2020-06-02,63,18.0,,0.18,11.34
2020-06-03,65,18.0,,0.18,11.7
2020-06-04,61,18.0,,0.18,10.98
2020-06-05,72,18.0,,0.18,12.959999999999999
2020-06-06,65,18.0,,0.18,11.7
2020-06-07,85,20.0,False,0.2,17.0
2020-06-08,80,20.0,,0.2,16.0
2020-06-09,68,20.0,,0.2,13.600000000000001
2020-06-10,66,20.0,,0.2,13.200000000000001
2020-06-11,69,20.0,,0.2,13.8
2020-06-12,68,20.0,,0.2,13.600000000000001
2020-06-13,77,20.0,,0.2,15.4
2020-06-14,70,22.0,False,0.22,15.4
2020-06-15,69,22.0,,0.22,15.18
2020-06-16,74,22.0,,0.22,16.28
2020-06-17,88,22.0,,0.22,19.36
2020-06-18,70,22.0,,0.22,15.4
2020-06-19,78,22.0,,0.22,17.16
2020-06-20,92,22.0,,0.22,20.24
2020-06-21,93,25.0,False,0.25,23.25
2020-06-22,91,25.0,,0.25,22.75
2020-06-23,88,25.0,,0.25,22.0
2020-06-24,77,25.0,,0.25,19.25
2020-06-25,84,25.0,,0.25,21.0
2020-06-26,93,25.0,,0.25,23.25
2020-06-27,92,25.0,,0.25,23.0
2020-06-28,93,27.0,False,0.27,25.110000000000003
2020-06-29,100,27.0,,0.27,27.0
2020-06-30,100,27.0,,0.27,27.0
2020-07-01,79,27.0,,0.27,21.330000000000002
2020-07-02,75,27.0,,0.27,20.25
2020-07-03,92,27.0,,0.27,24.840000000000003
2020-07-04,78,27.0,,0.27,21.060000000000002
2020-07-05,73,28.0,False,0.28,20.44
2020-07-06,82,28.0,,0.28,22.96
2020-07-07,92,28.0,,0.28,25.76
2020-07-08,94,28.0,,0.28,26.320000000000004
2020-07-09,85,28.0,,0.28,23.8
2020-07-10,77,28.0,,0.28,21.560000000000002
2020-07-11,83,28.0,,0.28,23.240000000000002
2020-07-12,80,29.0,False,0.29,23.2
2020-07-13,100,29.0,,0.29,28.999999999999996
2020-07-14,88,29.0,,0.29,25.52
2020-07-15,76,29.0,,0.29,22.04
2020-07-16,82,29.0,,0.29,23.779999999999998
2020-07-17,84,29.0,,0.29,24.36
2020-07-18,85,29.0,,0.29,24.65
2020-07-19,82,29.0,False,0.29,23.779999999999998
2020-07-20,74,29.0,,0.29,21.459999999999997
2020-07-21,71,29.0,,0.29,20.59
2020-07-22,87,29.0,,0.29,25.229999999999997
2020-07-23,75,29.0,,0.29,21.75
2020-07-24,90,29.0,,0.29,26.099999999999998
2020-07-25,74,29.0,,0.29,21.459999999999997
2020-07-26,68,25.0,False,0.25,17.0
2020-07-27,74,25.0,,0.25,18.5
2020-07-28,63,25.0,,0.25,15.75
2020-07-29,82,25.0,,0.25,20.5
2020-07-30,66,25.0,,0.25,16.5
2020-07-31,84,25.0,,0.25,21.0
2020-08-01,87,25.0,,0.25,21.75
2020-08-02,98,27.0,False,0.27,26.46
2020-08-03,83,27.0,,0.27,22.41
2020-08-04,93,27.0,,0.27,25.110000000000003
2020-08-05,92,27.0,,0.27,24.840000000000003
2020-08-06,92,27.0,,0.27,24.840000000000003
2020-08-07,100,27.0,,0.27,27.0
2020-08-08,97,27.0,,0.27,26.19
2020-08-09,94,25.0,False,0.25,23.5
2020-08-10,87,25.0,,0.25,21.75
2020-08-11,83,25.0,,0.25,20.75
2020-08-12,89,25.0,,0.25,22.25
2020-08-13,76,25.0,,0.25,19.0
2020-08-14,86,25.0,,0.25,21.5
2020-08-15,91,25.0,,0.25,22.75
2020-08-16,97,23.0,False,0.23,22.310000000000002
2020-08-17,85,23.0,,0.23,19.55
2020-08-18,83,23.0,,0.23,19.09
2020-08-19,85,23.0,,0.23,19.55
2020-08-20,92,23.0,,0.23,21.16
2020-08-21,80,23.0,,0.23,18.400000000000002
2020-08-22,96,23.0,,0.23,22.080000000000002
2020-08-23,87,23.0,False,0.23,20.01
2020-08-24,79,23.0,,0.23,18.17
2020-08-25,84,23.0,,0.23,19.32
2020-08-26,78,23.0,,0.23,17.94
2020-08-27,83,23.0,,0.23,19.09
2020-08-28,84,23.0,,0.23,19.32
2020-08-29,76,23.0,,0.23,17.48
2020-08-30,89,23.0,False,0.23,20.470000000000002
2020-08-31,90,23.0,,0.23,20.7
2020-09-01,87,23.0,,0.23,20.01
2020-09-02,64,23.0,,0.23,14.72
2020-09-03,76,23.0,,0.23,17.48
2020-09-04,75,23.0,,0.23,17.25
2020-09-05,88,23.0,,0.23,20.240000000000002
2020-09-06,70,24.0,False,0.24,16.8
2020-09-07,76,24.0,,0.24,18.24
2020-09-08,76,24.0,,0.24,18.24
2020-09-09,76,24.0,,0.24,18.24
2020-09-10,72,24.0,,0.24,17.28
2020-09-11,74,24.0,,0.24,17.759999999999998
2020-09-12,81,24.0,,0.24,19.439999999999998
2020-09-13,79,24.0,False,0.24,18.96
2020-09-14,78,24.0,,0.24,18.72
2020-09-15,82,24.0,,0.24,19.68
2020-09-16,79,24.0,,0.24,18.96
2020-09-17,81,24.0,,0.24,19.439999999999998
2020-09-18,85,24.0,,0.24,20.4
2020-09-19,75,24.0,,0.24,18.0
2020-09-20,77,26.0,False,0.26,20.02
2020-09-21,83,26.0,,0.26,21.580000000000002
2020-09-22,85,26.0,,0.26,22.1
2020-09-23,86,26.0,,0.26,22.36
2020-09-24,76,26.0,,0.26,19.76
2020-09-25,85,26.0,,0.26,22.1
2020-09-26,100,26.0,,0.26,26.0
2020-09-27,89,26.0,False,0.26,23.14
2020-09-28,85,26.0,,0.26,22.1
2020-09-29,87,26.0,,0.26,22.62
2020-09-30,82,26.0,,0.26,21.32
2020-10-01,76,26.0,,0.26,19.76
2020-10-02,91,26.0,,0.26,23.66
2020-10-03,84,26.0,,0.26,21.84
2020-10-04,85,31.0,False,0.31,26.35
2020-10-05,86,31.0,,0.31,26.66
2020-10-06,96,31.0,,0.31,29.759999999999998
2020-10-07,80,31.0,,0.31,24.8
2020-10-08,80,31.0,,0.31,24.8
2020-10-09,94,31.0,,0.31,29.14
2020-10-10,90,31.0,,0.31,27.9
2020-10-11,81,29.0,False,0.29,23.49
2020-10-12,91,29.0,,0.29,26.389999999999997
2020-10-13,87,29.0,,0.29,25.229999999999997
2020-10-14,91,29.0,,0.29,26.389999999999997
2020-10-15,86,29.0,,0.29,24.939999999999998
2020-10-16,80,29.0,,0.29,23.2
2020-10-17,89,29.0,,0.29,25.81
2020-10-18,80,31.0,False,0.31,24.8
2020-10-19,87,31.0,,0.31,26.97
2020-10-20,95,31.0,,0.31,29.45
2020-10-21,100,31.0,,0.31,31.0
2020-10-22,91,31.0,,0.31,28.21
2020-10-23,87,31.0,,0.31,26.97
2020-10-24,93,31.0,,0.31,28.83
2020-10-25,76,32.0,False,0.32,24.32
2020-10-26,97,32.0,,0.32,31.04
2020-10-27,89,32.0,,0.32,28.48
2020-10-28,89,32.0,,0.32,28.48
2020-10-29,94,32.0,,0.32,30.080000000000002
2020-10-30,82,32.0,,0.32,26.240000000000002
2020-10-31,89,32.0,,0.32,28.48
2020-11-01,72,26.0,False,0.26,18.72
2020-11-02,87,26.0,,0.26,22.62
2020-11-03,87,26.0,,0.26,22.62
2020-11-04,57,26.0,,0.26,14.82
2020-11-05,60,26.0,,0.26,15.600000000000001
2020-11-06,68,26.0,,0.26,17.68
2020-11-07,82,26.0,,0.26,21.32
2020-11-08,77,34.0,False,0.34,26.180000000000003
2020-11-09,85,34.0,,0.34,28.900000000000002
2020-11-10,96,34.0,,0.34,32.64
2020-11-11,87,34.0,,0.34,29.580000000000002
2020-11-12,88,34.0,,0.34,29.92
2020-11-13,84,34.0,,0.34,28.560000000000002
2020-11-14,86,34.0,,0.34,29.240000000000002
2020-11-15,100,35.0,False,0.35,35.0
2020-11-16,95,35.0,,0.35,33.25
2020-11-17,93,35.0,,0.35,32.55
2020-11-18,92,35.0,,0.35,32.199999999999996
2020-11-19,79,35.0,,0.35,27.65
2020-11-20,93,35.0,,0.35,32.55
2020-11-21,95,35.0,,0.35,33.25
2020-11-22,93,36.0,False,0.36,33.48
2020-11-23,98,36.0,,0.36,35.28
2020-11-24,99,36.0,,0.36,35.64
2020-11-25,96,36.0,,0.36,34.56
2020-11-26,79,36.0,,0.36,28.439999999999998
2020-11-27,83,36.0,,0.36,29.88
2020-11-28,90,36.0,,0.36,32.4
2020-11-29,89,34.0,False,0.34,30.26
2020-11-30,85,34.0,,0.34,28.900000000000002
2020-12-01,94,34.0,,0.34,31.96
2020-12-02,85,34.0,,0.34,28.900000000000002
2020-12-03,88,34.0,,0.34,29.92
2020-12-04,79,34.0,,0.34,26.860000000000003
2020-12-05,87,34.0,,0.34,29.580000000000002
2020-12-06,88,33.0,False,0.33,29.040000000000003
2020-12-07,83,33.0,,0.33,27.39
2020-12-08,95,33.0,,0.33,31.35
2020-12-09,84,33.0,,0.33,27.720000000000002
2020-12-10,84,33.0,,0.33,27.720000000000002
2020-12-11,89,33.0,,0.33,29.37
2020-12-12,83,33.0,,0.33,27.39
2020-12-13,87,34.0,False,0.34,29.580000000000002
2020-12-14,90,34.0,,0.34,30.6
2020-12-15,89,34.0,,0.34,30.26
2020-12-16,87,34.0,,0.34,29.580000000000002
2020-12-17,96,34.0,,0.34,32.64
2020-12-18,85,34.0,,0.34,28.900000000000002
2020-12-19,91,34.0,,0.34,30.94
2020-12-20,97,33.0,False,0.33,32.01
2020-12-21,84,33.0,,0.33,27.720000000000002
2020-12-22,85,33.0,,0.33,28.05
2020-12-23,94,33.0,,0.33,31.020000000000003
2020-12-24,87,33.0,,0.33,28.71
2020-12-25,75,33.0,,0.33,24.75
2020-12-26,90,33.0,,0.33,29.700000000000003
2020-12-27,90,36.0,False,0.36,32.4
2020-12-28,96,36.0,,0.36,34.56
2020-12-29,100,36.0,,0.36,36.0
2020-12-30,94,36.0,,0.36,33.839999999999996
2020-12-31,88,36.0,,0.36,31.68
2021-01-01,93,36.0,,0.36,33.48
2021-01-02,100,36.0,,0.36,36.0
2021-01-03,87,33.0,False,0.33,28.71
2021-01-04,81,33.0,,0.33,26.73
2021-01-05,94,33.0,,0.33,31.020000000000003
2021-01-06,85,33.0,,0.33,28.05
2021-01-07,94,33.0,,0.33,31.020000000000003
2021-01-08,83,33.0,,0.33,27.39
2021-01-09,87,33.0,,0.33,28.71
2021-01-10,87,31.0,False,0.31,26.97
2021-01-11,84,31.0,,0.31,26.04
2021-01-12,85,31.0,,0.31,26.35
2021-01-13,81,31.0,,0.31,25.11
2021-01-14,81,31.0,,0.31,25.11
2021-01-15,91,31.0,,0.31,28.21
2021-01-16,88,31.0,,0.31,27.28
2021-01-17,91,29.0,False,0.29,26.389999999999997
2021-01-18,75,29.0,,0.29,21.75
2021-01-19,86,29.0,,0.29,24.939999999999998
2021-01-20,83,29.0,,0.29,24.069999999999997
2021-01-21,78,29.0,,0.29,22.619999999999997
2021-01-22,69,29.0,,0.29,20.009999999999998
2021-01-23,85,29.0,,0.29,24.65
2021-01-24,85,29.0,False,0.29,24.65
2021-01-25,88,29.0,,0.29,25.52
2021-01-26,76,29.0,,0.29,22.04
2021-01-27,79,29.0,,0.29,22.91
2021-01-28,76,29.0,,0.29,22.04
2021-01-29,83,29.0,,0.29,24.069999999999997
2021-01-30,77,29.0,,0.29,22.33
2021-01-31,84,28.0,False,0.28,23.520000000000003
2021-02-01,77,28.0,,0.28,21.560000000000002
2021-02-02,77,28.0,,0.28,21.560000000000002
2021-02-03,83,28.0,,0.28,23.240000000000002
2021-02-04,67,28.0,,0.28,18.76
2021-02-05,87,28.0,,0.28,24.360000000000003
2021-02-06,82,28.0,,0.28,22.96
2021-02-07,100,26.0,False,0.26,26.0
2021-02-08,75,26.0,,0.26,19.5
2021-02-09,88,26.0,,0.26,22.880000000000003
2021-02-10,79,26.0,,0.26,20.54
2021-02-11,72,26.0,,0.26,18.72
2021-02-12,73,26.0,,0.26,18.98
2021-02-13,76,26.0,,0.26,19.76
2021-02-14,71,24.0,False,0.24,17.04
2021-02-15,67,24.0,,0.24,16.08
2021-02-16,72,24.0,,0.24,17.28
2021-02-17,77,24.0,,0.24,18.48
2021-02-18,82,24.0,,0.24,19.68
2021-02-19,62,24.0,,0.24,14.879999999999999
2021-02-20,84,24.0,,0.24,20.16
2021-02-21,78,26.0,False,0.26,20.28
2021-02-22,74,26.0,,0.26,19.240000000000002
2021-02-23,83,26.0,,0.26,21.580000000000002
2021-02-24,78,26.0,,0.26,20.28
2021-02-25,83,26.0,,0.26,21.580000000000002
2021-02-26,73,26.0,,0.26,18.98
2021-02-27,90,26.0,,0.26,23.400000000000002
2021-02-28,68,25.0,False,0.25,17.0
2021-03-01,80,25.0,,0.25,20.0
2021-03-02,86,25.0,,0.25,21.5
2021-03-03,74,25.0,,0.25,18.5
2021-03-04,82,25.0,,0.25,20.5
2021-03-05,81,25.0,,0.25,20.25
2021-03-06,95,25.0,,0.25,23.75
2021-03-07,93,26.0,False,0.26,24.18
2021-03-08,84,26.0,,0.26,21.84
2021-03-09,95,26.0,,0.26,24.7
2021-03-10,100,26.0,,0.26,26.0
2021-03-11,96,26.0,,0.26,24.96
2021-03-12,90,26.0,,0.26,23.400000000000002
2021-03-13,91,26.0,,0.26,23.66
2021-03-14,91,26.0,False,0.26,23.66
2021-03-15,75,26.0,,0.26,19.5
2021-03-16,99,26.0,,0.26,25.740000000000002
2021-03-17,88,26.0,,0.26,22.880000000000003
2021-03-18,89,26.0,,0.26,23.14
2021-03-19,99,26.0,,0.26,25.740000000000002
2021-03-20,87,26.0,,0.26,22.62
2021-03-21,97,27.0,False,0.27,26.19
2021-03-22,86,27.0,,0.27,23.220000000000002
2021-03-23,85,27.0,,0.27,22.950000000000003
2021-03-24,90,27.0,,0.27,24.3
2021-03-25,82,27.0,,0.27,22.14
2021-03-26,88,27.0,,0.27,23.76
2021-03-27,92,27.0,,0.27,24.840000000000003
2021-03-28,87,30.0,False,0.3,26.099999999999998
2021-03-29,90,30.0,,0.3,27.0
2021-03-30,93,30.0,,0.3,27.9
2021-03-31,98,30.0,,0.3,29.4
2021-04-01,69,30.0,,0.3,20.7
2021-04-02,85,30.0,,0.3,25.5
2021-04-03,84,30.0,,0.3,25.2
2021-04-04,87,31.0,False,0.31,26.97
2021-04-05,82,31.0,,0.31,25.419999999999998
2021-04-06,86,31.0,,0.31,26.66
2021-04-07,82,31.0,,0.31,25.419999999999998
2021-04-08,76,31.0,,0.31,23.56
2021-04-09,85,31.0,,0.31,26.35
2021-04-10,100,31.0,,0.31,31.0
2021-04-11,85,31.0,False,0.31,26.35
2021-04-12,89,31.0,,0.31,27.59
2021-04-13,96,31.0,,0.31,29.759999999999998
2021-04-14,83,31.0,,0.31,25.73
2021-04-15,94,31.0,,0.31,29.14
2021-04-16,91,31.0,,0.31,28.21
2021-04-17,95,31.0,,0.31,29.45
2021-04-18,91,31.0,False,0.31,28.21
2021-04-19,90,31.0,,0.31,27.9
2021-04-20,85,31.0,,0.31,26.35
2021-04-21,87,31.0,,0.31,26.97
2021-04-22,93,31.0,,0.31,28.83
2021-04-23,83,31.0,,0.31,25.73
2021-04-24,88,31.0,,0.31,27.28
2021-04-25,84,32.0,False,0.32,26.88
2021-04-26,78,32.0,,0.32,24.96
2021-04-27,82,32.0,,0.32,26.240000000000002
2021-04-28,82,32.0,,0.32,26.240000000000002
2021-04-29,86,32.0,,0.32,27.52
2021-04-30,89,32.0,,0.32,28.48
2021-05-01,88,32.0,,0.32,28.16
2021-05-02,89,32.0,False,0.32,28.48
2021-05-03,79,32.0,,0.32,25.28
2021-05-04,77,32.0,,0.32,24.64
2021-05-05,85,32.0,,0.32,27.2
2021-05-06,78,32.0,,0.32,24.96
2021-05-07,79,32.0,,0.32,25.28
2021-05-08,83,32.0,,0.32,26.560000000000002
2021-05-09,64,33.0,False,0.33,21.12
2021-05-10,98,33.0,,0.33,32.34
2021-05-11,82,33.0,,0.33,27.060000000000002
2021-05-12,91,33.0,,0.33,30.03
2021-05-13,93,33.0,,0.33,30.69
2021-05-14,91,33.0,,0.33,30.03
2021-05-15,84,33.0,,0.33,27.720000000000002
2021-05-16,94,35.0,False,0.35,32.9
2021-05-17,90,35.0,,0.35,31.499999999999996
2021-05-18,100,35.0,,0.35,35.0
2021-05-19,94,35.0,,0.35,32.9
2021-05-20,87,35.0,,0.35,30.45
2021-05-21,87,35.0,,0.35,30.45
2021-05-22,70,35.0,,0.35,24.5
2021-05-23,92,34.0,False,0.34,31.28
2021-05-24,94,34.0,,0.34,31.96
2021-05-25,100,34.0,,0.34,34.0
2021-05-26,93,34.0,,0.34,31.62
2021-05-27,88,34.0,,0.34,29.92
2021-05-28,90,34.0,,0.34,30.6
2021-05-29,96,34.0,,0.34,32.64
2021-05-30,79,33.0,False,0.33,26.07
2021-05-31,95,33.0,,0.33,31.35
2021-06-01,87,33.0,,0.33,28.71
2021-06-02,74,33.0,,0.33,24.42
2021-06-03,85,33.0,,0.33,28.05
2021-06-04,73,33.0,,0.33,24.09
2021-06-05,86,33.0,,0.33,28.380000000000003
2021-06-06,92,34.0,False,0.34,31.28
2021-06-07,83,34.0,,0.34,28.220000000000002
2021-06-08,100,34.0,,0.34,34.0
2021-06-09,77,34.0,,0.34,26.180000000000003
2021-06-10,79,34.0,,0.34,26.860000000000003
2021-06-11,79,34.0,,0.34,26.860000000000003
2021-06-12,80,34.0,,0.34,27.200000000000003
2021-06-13,88,37.0,False,0.37,32.56
2021-06-14,87,37.0,,0.37,32.19
2021-06-15,85,37.0,,0.37,31.45
2021-06-16,85,37.0,,0.37,31.45
2021-06-17,96,37.0,,0.37,35.519999999999996
2021-06-18,83,37.0,,0.37,30.71
2021-06-19,87,37.0,,0.37,32.19
2021-06-20,90,35.0,False,0.35,31.499999999999996
2021-06-21,88,35.0,,0.35,30.799999999999997
2021-06-22,96,35.0,,0.35,33.599999999999994
2021-06-23,79,35.0,,0.35,27.65
2021-06-24,81,35.0,,0.35,28.349999999999998
2021-06-25,76,35.0,,0.35,26.599999999999998
2021-06-26,86,35.0,,0.35,30.099999999999998
2021-06-27,99,36.0,False,0.36,35.64
2021-06-28,79,36.0,,0.36,28.439999999999998
2021-06-29,89,36.0,,0.36,32.04
2021-06-30,88,36.0,,0.36,31.68
2021-07-01,73,36.0,,0.36,26.279999999999998
2021-07-02,84,36.0,,0.36,30.24
2021-07-03,82,36.0,,0.36,29.52
2021-07-04,90,37.0,False,0.37,33.3
2021-07-05,78,37.0,,0.37,28.86
2021-07-06,80,37.0,,0.37,29.6
2021-07-07,80,37.0,,0.37,29.6
2021-07-08,86,37.0,,0.37,31.82
2021-07-09,81,37.0,,0.37,29.97
2021-07-10,89,37.0,,0.37,32.93
2021-07-11,85,39.0,False,0.39,33.15
2021-07-12,74,39.0,,0.39,28.86
2021-07-13,81,39.0,,0.39,31.59
2021-07-14,76,39.0,,0.39,29.64
2021-07-15,81,39.0,,0.39,31.59
2021-07-16,73,39.0,,0.39,28.470000000000002
2021-07-17,84,39.0,,0.39,32.76
2021-07-18,87,42.0,False,0.42,36.54
2021-07-19,88,42.0,,0.42,36.96
2021-07-20,91,42.0,,0.42,38.22
2021-07-21,93,42.0,,0.42,39.059999999999995
2021-07-22,91,42.0,,0.42,38.22
2021-07-23,100,42.0,,0.42,42.0
2021-07-24,87,42.0,,0.42,36.54
2021-07-25,96,44.0,False,0.44,42.24
2021-07-26,92,44.0,,0.44,40.48
2021-07-27,82,44.0,,0.44,36.08
2021-07-28,96,44.0,,0.44,42.24
2021-07-29,88,44.0,,0.44,38.72
2021-07-30,82,44.0,,0.44,36.08
2021-07-31,94,44.0,,0.44,41.36
2021-08-01,74,43.0,False,0.43,31.82
2021-08-02,84,43.0,,0.43,36.12
2021-08-03,84,43.0,,0.43,36.12
2021-08-04,83,43.0,,0.43,35.69
2021-08-05,81,43.0,,0.43,34.83
2021-08-06,86,43.0,,0.43,36.98
2021-08-07,88,43.0,,0.43,37.839999999999996
2021-08-08,100,47.0,False,0.47,47.0
2021-08-09,81,47.0,,0.47,38.07
2021-08-10,94,47.0,,0.47,44.18
2021-08-11,83,47.0,,0.47,39.01
2021-08-12,85,47.0,,0.47,39.949999999999996
2021-08-13,78,47.0,,0.47,36.66
2021-08-14,80,47.0,,0.47,37.599999999999994
2021-08-15,86,45.0,False,0.45,38.7
2021-08-16,90,45.0,,0.45,40.5
2021-08-17,88,45.0,,0.45,39.6
2021-08-18,91,45.0,,0.45,40.95
2021-08-19,83,45.0,,0.45,37.35
2021-08-20,80,45.0,,0.45,36.0
2021-08-21,92,45.0,,0.45,41.4
2021-08-22,92,48.0,False,0.48,44.16
2021-08-23,93,48.0,,0.48,44.64
2021-08-24,95,48.0,,0.48,45.6
2021-08-25,87,48.0,,0.48,41.76
2021-08-26,92,48.0,,0.48,44.16
2021-08-27,90,48.0,,0.48,43.199999999999996
2021-08-28,98,48.0,,0.48,47.04
2021-08-29,88,48.0,False,0.48,42.239999999999995
2021-08-30,89,48.0,,0.48,42.72
2021-08-31,90,48.0,,0.48,43.199999999999996
2021-09-01,94,48.0,,0.48,45.12
2021-09-02,84,48.0,,0.48,40.32
2021-09-03,100,48.0,,0.48,48.0
2021-09-04,92,48.0,,0.48,44.16
2021-09-05,88,48.0,False,0.48,42.239999999999995
2021-09-06,94,48.0,,0.48,45.12
2021-09-07,91,48.0,,0.48,43.68
2021-09-08,90,48.0,,0.48,43.199999999999996
2021-09-09,84,48.0,,0.48,40.32
2021-09-10,100,48.0,,0.48,48.0
2021-09-11,86,48.0,,0.48,41.28
2021-09-12,85,47.0,False,0.47,39.949999999999996
2021-09-13,100,47.0,,0.47,47.0
2021-09-14,89,47.0,,0.47,41.83
2021-09-15,83,47.0,,0.47,39.01
2021-09-16,88,47.0,,0.47,41.36
2021-09-17,88,47.0,,0.47,41.36
2021-09-18,94,47.0,,0.47,44.18
2021-09-19,80,47.0,False,0.47,37.599999999999994
2021-09-20,91,47.0,,0.47,42.769999999999996
2021-09-21,95,47.0,,0.47,44.65
2021-09-22,100,47.0,,0.47,47.0
2021-09-23,88,47.0,,0.47,41.36
2021-09-24,90,47.0,,0.47,42.3
2021-09-25,85,47.0,,0.47,39.949999999999996
2021-09-26,88,46.0,False,0.46,40.480000000000004
2021-09-27,98,46.0,,0.46,45.080000000000005
2021-09-28,89,46.0,,0.46,40.940000000000005
2021-09-29,87,46.0,,0.46,40.02
2021-09-30,100,46.0,,0.46,46.0
2021-10-01,100,46.0,,0.46,46.0
2021-10-02,99,46.0,,0.46,45.54
2021-10-03,90,41.0,False,0.41,36.9
2021-10-04,96,41.0,,0.41,39.36
2021-10-05,86,41.0,,0.41,35.26
2021-10-06,72,41.0,,0.41,29.52
2021-10-07,76,41.0,,0.41,31.159999999999997
2021-10-08,72,41.0,,0.41,29.52
2021-10-09,86,41.0,,0.41,35.26
2021-10-10,71,38.0,False,0.38,26.98
2021-10-11,84,38.0,,0.38,31.92
2021-10-12,83,38.0,,0.38,31.54
2021-10-13,84,38.0,,0.38,31.92
2021-10-14,82,38.0,,0.38,31.16
2021-10-15,74,38.0,,0.38,28.12
2021-10-16,83,38.0,,0.38,31.54
2021-10-17,74,39.0,False,0.39,28.86
2021-10-18,76,39.0,,0.39,29.64
2021-10-19,76,39.0,,0.39,29.64
2021-10-20,82,39.0,,0.39,31.98
2021-10-21,88,39.0,,0.39,34.32
2021-10-22,76,39.0,,0.39,29.64
2021-10-23,83,39.0,,0.39,32.370000000000005
2021-10-24,81,40.0,False,0.4,32.4
2021-10-25,89,40.0,,0.4,35.6
2021-10-26,84,40.0,,0.4,33.6
2021-10-27,84,40.0,,0.4,33.6
2021-10-28,76,40.0,,0.4,30.400000000000002
2021-10-29,72,40.0,,0.4,28.8
2021-10-30,77,40.0,,0.4,30.8
2021-10-31,84,40.0,False,0.4,33.6
2021-11-01,76,40.0,,0.4,30.400000000000002
2021-11-02,76,40.0,,0.4,30.400000000000002
2021-11-03,76,40.0,,0.4,30.400000000000002
2021-11-04,87,40.0,,0.4,34.800000000000004
2021-11-05,82,40.0,,0.4,32.800000000000004
2021-11-06,89,40.0,,0.4,35.6
2021-11-07,82,45.0,False,0.45,36.9
2021-11-08,82,45.0,,0.45,36.9
2021-11-09,100,45.0,,0.45,45.0
2021-11-10,88,45.0,,0.45,39.6
2021-11-11,83,45.0,,0.45,37.35
2021-11-12,89,45.0,,0.45,40.050000000000004
2021-11-13,89,45.0,,0.45,40.050000000000004
2021-11-14,90,44.0,False,0.44,39.6
2021-11-15,95,44.0,,0.44,41.8
2021-11-16,91,44.0,,0.44,40.04
2021-11-17,83,44.0,,0.44,36.52
2021-11-18,87,44.0,,0.44,38.28
2021-11-19,88,44.0,,0.44,38.72
2021-11-20,95,44.0,,0.44,41.8
2021-11-21,94,47.0,False,0.47,44.18
2021-11-22,89,47.0,,0.47,41.83
2021-11-23,93,47.0,,0.47,43.71
2021-11-24,96,47.0,,0.47,45.12
2021-11-25,86,47.0,,0.47,40.419999999999995
2021-11-26,79,47.0,,0.47,37.129999999999995
2021-11-27,89,47.0,,0.47,41.83
2021-11-28,97,46.0,False,0.46,44.620000000000005
2021-11-29,89,46.0,,0.46,40.940000000000005
2021-11-30,92,46.0,,0.46,42.32
2021-12-01,91,46.0,,0.46,41.86
2021-12-02,95,46.0,,0.46,43.7
2021-12-03,89,46.0,,0.46,40.940000000000005
2021-12-04,93,46.0,,0.46,42.78
2021-12-05,85,45.0,False,0.45,38.25
2021-12-06,94,45.0,,0.45,42.300000000000004
2021-12-07,100,45.0,,0.45,45.0
2021-12-08,87,45.0,,0.45,39.15
2021-12-09,80,45.0,,0.45,36.0
2021-12-10,81,45.0,,0.45,36.45
2021-12-11,91,45.0,,0.45,40.95
2021-12-12,99,46.0,True,0.46,45.54
2021-12-13,98,46.0,,0.46,45.080000000000005
2021-12-14,93,46.0,,0.46,42.78
2021-12-15,95,46.0,,0.46,43.7
2021-12-16,83,46.0,,0.46,38.18
2021-12-17,80,46.0,,0.46,36.800000000000004
